﻿Designator,Footprint,Quantity,Value,LCSC Part #
"C1, C10, C2, C3, C4, C5, C6, C9",0402,8,0.1uF,
C11,0402,1,470pF,
C12,CP_EIA-1608-08_AVX-J,1,2.2uF,
C13,0402,1,22uF,
C14,0402,1,100nF,
"C7, C8",0402,2,20pF,
D1,D_SOD-123F,1,PMEG2010EH,
D2,D_SOD-123F,1,MBR120VLSFT1G,
D3,0402,1,GREEN,
"D4, D5",0402,2,ORANGE,
J1,USB_C_Receptacle_GCT_USB4105-xx-A_16P_TopMnt_Horizontal,1,USB_C_Receptacle_USB2.0_16P,
J2,PinSocket_1x10_P2.54mm_Vertical,1,Conn_01x10_Pin,
J3,PinSocket_1x08_P2.54mm_Vertical,1,Conn_01x08_Pin,
J4,PinSocket_1x08_P2.54mm_Vertical,1,Conn_01x08,
J5,PinSocket_1x06_P2.54mm_Vertical,1,Conn_01x06,
J6,BarrelJack_Horizontal,1,Barrel_Jack_Switch,
J7,JST_SH_SM07B-SRSS-TB_1x07-1MP_P1.00mm_Horizontal,1,Radianite-Link,
"LED1, LED10, LED11, LED12, LED13, LED14, LED15, LED16, LED17, LED18, LED19, LED2, LED20, LED21, LED22, LED23, LED24, LED25, LED26, LED27, LED28, LED29, LED3, LED30, LED31, LED32, LED33, LED34, LED35, LED36, LED37, LED38, LED39, LED4, LED40, LED41, LED42, LED43, LED44, LED45, LED46, LED47, LED48, LED49, LED5, LED50, LED51, LED52, LED53, LED54, LED55, LED56, LED57, LED58, LED59, LED6, LED60, LED61, LED62, LED63, LED64, LED65, LED66, LED67, LED68, LED69, LED7, LED70, LED71, LED72, LED73, LED74, LED75, LED76, LED77, LED78, LED79, LED8, LED80, LED81, LED82, LED83, LED84, LED9",0402,84,LED,
R1,0402,1,40,
"R2, R3",0402,2,5.1k,
"R4, R6, R7",0402,3,10k,
R5,0402,1,100k,
SW1,SW_SPST_Omron_B3FS-100xP,1,SW_Push,
U1,LQFP-64_10x10mm_P0.5mm,1,CH32V305RBT6,
U2,ESP32-C3-WROOM-02,1,ESP32-C3-WROOM-02,
U3,SOT-223-3_TabPin2,1,AMS1117-5.0,
U4,SOT-23-5,1,MIC5205-3.3YM5,
U5,LGA-14_3x5mm_P0.8mm_LayoutBorder1x6y,1,ADXL343,
Y1,Crystal_SMD_3225-4Pin_3.2x2.5mm,1,8MHz,
